<?xml version="1.0" encoding="UTF-8"?>
<!--
 * This file is part of the LibreOffice project.
 *
 * This Source Code Form is subject to the terms of the Mozilla Public
 * License, v. 2.0. If a copy of the MPL was not distributed with this
 * file, You can obtain one at http://mozilla.org/MPL/2.0/.
 *
 * This file incorporates work covered by the following license notice:
 *
 *   Licensed to the Apache Software Foundation (ASF) under one or more
 *   contributor license agreements. See the NOTICE file distributed
 *   with this work for additional information regarding copyright
 *   ownership. The ASF licenses this file to you under the Apache
 *   License, Version 2.0 (the "License"); you may not use this file
 *   except in compliance with the License. You may obtain a copy of
 *   the License at http://www.apache.org/licenses/LICENSE-2.0 .
 -->

<javaSelection xmlns="http://openoffice.org/2004/java/framework/1.0"
    xmlns:xsi="http://www.w3.org/2001/XMLSchema-instance">

 <updated>2013-05-02</updated>

 <vendorInfos>
  <vendor name="Oracle Corporation">
    <minVersion>1.6.0</minVersion>
  </vendor>
  <vendor name="Sun Microsystems Inc.">
    <minVersion>1.5.0</minVersion>
  </vendor>
  <vendor name="IBM Corporation">
    <minVersion>1.5.0</minVersion>
  </vendor>
  <vendor name="Azul Systems, Inc.">
    <minVersion>1.6.0</minVersion>
  </vendor>
 </vendorInfos>

</javaSelection>
